Name,Gender,Age,Occupation,ZIP-code
Rustie Hatrick,M,35,3,66
Even Sindell,M,18,9,949
Darius McWilliam,M,50,19,912
Klarika Caze,F,35,2,141
Linda Tennick,F,56,15,794
Jerrie Meah,M,35,16,290
Arte Lyosik,M,35,15,951
Marylee Conerding,F,35,9,280
Granthem Spacie,M,35,11,958
Lorena Benning,F,18,0,221
Sterne Dwerryhouse,M,25,14,53
Annora Basham,F,18,14,361
Ardis Fitton,F,18,8,352
Duncan Wathen,M,50,9,524
Skipton Buff,M,50,16,373
Tedi Grimmolby,F,35,15,495
Pearline Golda,F,45,10,524
Christoph Keasley,M,56,11,165
Licha Windridge,F,50,1,78
Estrellita Kilshall,F,35,0,778
Glenna Melloi,F,18,10,959
Webster O'Cullinane,M,18,18,906
Rad Sindall,M,50,15,803
Benoite Graben,F,56,11,705
Freddie Alexandre,M,35,2,530
Washington Sheilds,M,35,2,297
Eustacia Hallahan,F,50,8,229
Buddie Oldale,M,18,15,309
Elroy Feldfisher,M,1,12,262
Keane Trumpeter,M,18,19,975
Teddie Leyland,M,35,12,843
Cosme Turgoose,M,35,20,843
Wally Crutch,M,50,10,405
Everett Kirkebye,M,45,17,450
Ula Dudgeon,F,1,3,78
Kordula Du Plantier,F,35,9,941
Vilhelmina Hinksen,F,25,1,42
Vassili Worpole,M,45,7,312
Aleen Hacaud,F,56,8,983
Rosemary Hennemann,F,35,8,432
Lorilee Benzie,F,1,12,146
Yoshi Kellar,F,35,18,652
Dallon Blincow,M,18,15,915
Coleen Gloves,F,18,12,20
Beltran Shippey,M,25,3,21
Gennifer Luxton,F,35,3,972
Rees Mew,M,35,3,240
Reed Hessentaler,M,45,16,631
Madison Kruschev,M,50,14,457
Kipp Ammer,M,25,17,967
